-- MySQL Script generated by MySQL Workbench
-- Thu Oct  3 11:07:11 2024
-- Model: New Model    Version: 1.0
-- MySQL Workbench Forward Engineering

SET @OLD_UNIQUE_CHECKS=@@UNIQUE_CHECKS, UNIQUE_CHECKS=0;
SET @OLD_FOREIGN_KEY_CHECKS=@@FOREIGN_KEY_CHECKS, FOREIGN_KEY_CHECKS=0;
SET @OLD_SQL_MODE=@@SQL_MODE, SQL_MODE='ONLY_FULL_GROUP_BY,STRICT_TRANS_TABLES,NO_ZERO_IN_DATE,NO_ZERO_DATE,ERROR_FOR_DIVISION_BY_ZERO,NO_ENGINE_SUBSTITUTION';

-- -----------------------------------------------------
-- Schema evm
-- -----------------------------------------------------

-- -----------------------------------------------------
-- Schema evm
-- -----------------------------------------------------
CREATE SCHEMA IF NOT EXISTS `evm` DEFAULT CHARACTER SET utf8 ;
USE `evm` ;

-- -----------------------------------------------------
-- Table `evm`.`shop`
-- -----------------------------------------------------
CREATE TABLE IF NOT EXISTS `evm`.`shop` (
  `id_shop` INT NOT NULL AUTO_INCREMENT,
  `email` VARCHAR(45) NULL,
  `payment_for_delivery` VARCHAR(45) NULL,
  PRIMARY KEY (`id_shop`))
ENGINE = InnoDB;


-- -----------------------------------------------------
-- Table `evm`.`product`
-- -----------------------------------------------------
CREATE TABLE IF NOT EXISTS `evm`.`product` (
  `id_product` INT NOT NULL AUTO_INCREMENT,
  `name` VARCHAR(45) NULL,
  `firm` VARCHAR(45) NULL,
  `model` VARCHAR(45) NULL,
  `tech_spec` VARCHAR(45) NULL,
  `price` VARCHAR(45) NULL,
  `warranty_period` VARCHAR(45) NULL,
  `image` VARCHAR(45) NULL,
  PRIMARY KEY (`id_product`))
ENGINE = InnoDB;


-- -----------------------------------------------------
-- Table `evm`.`order`
-- -----------------------------------------------------
CREATE TABLE IF NOT EXISTS `evm`.`orders` (
  `id_order` INT NOT NULL AUTO_INCREMENT,
  `shop_id_shop` INT NOT NULL,
  `product_id_product` INT NOT NULL,
  `order_date` VARCHAR(45) NULL,
  `order_time` VARCHAR(45) NULL,
  `quantity` VARCHAR(45) NULL,
  `client_name` VARCHAR(45) NULL,
  `client_phone` VARCHAR(45) NULL,
  `confirmation` VARCHAR(45) NULL,
  PRIMARY KEY (`id_order`, `shop_id_shop`, `product_id_product`),
  INDEX `fk_order_shop1_idx` (`shop_id_shop` ASC) VISIBLE,
  INDEX `fk_order_product1_idx` (`product_id_product` ASC) VISIBLE,
  CONSTRAINT `fk_order_shop1`
    FOREIGN KEY (`shop_id_shop`)
    REFERENCES `evm`.`shop` (`id_shop`)
    ON DELETE NO ACTION
    ON UPDATE NO ACTION,
  CONSTRAINT `fk_order_product1`
    FOREIGN KEY (`product_id_product`)
    REFERENCES `evm`.`product` (`id_product`)
    ON DELETE NO ACTION
    ON UPDATE NO ACTION)
ENGINE = InnoDB;


-- -----------------------------------------------------
-- Table `evm`.`delivery`
-- -----------------------------------------------------
CREATE TABLE IF NOT EXISTS `evm`.`delivery` (
  `id_delivery` INT NOT NULL AUTO_INCREMENT,
  `order_id_order` INT NOT NULL,
  `date` VARCHAR(45) NULL,
  `address` VARCHAR(45) NULL,
  `client_name` VARCHAR(45) NULL,
  `courier_name` VARCHAR(45) NULL,
  PRIMARY KEY (`id_delivery`, `order_id_order`),
  INDEX `fk_delivery_order1_idx` (`order_id_order` ASC) VISIBLE,
  CONSTRAINT `fk_delivery_order1`
    FOREIGN KEY (`order_id_order`)
    REFERENCES `evm`.`orders` (`id_order`)
    ON DELETE NO ACTION
    ON UPDATE NO ACTION)
ENGINE = InnoDB;


-- -----------------------------------------------------
-- Table `evm`.`product_has_shop`
-- -----------------------------------------------------
CREATE TABLE IF NOT EXISTS `evm`.`product_has_shop` (
  `product_id_product` INT NOT NULL AUTO_INCREMENT,
  `shop_id_shop` INT NOT NULL,
  PRIMARY KEY (`product_id_product`, `shop_id_shop`),
  INDEX `fk_product_has_shop_shop1_idx` (`shop_id_shop` ASC) VISIBLE,
  INDEX `fk_product_has_shop_product_idx` (`product_id_product` ASC) VISIBLE,
  CONSTRAINT `fk_product_has_shop_product`
    FOREIGN KEY (`product_id_product`)
    REFERENCES `evm`.`product` (`id_product`)
    ON DELETE NO ACTION
    ON UPDATE NO ACTION,
  CONSTRAINT `fk_product_has_shop_shop1`
    FOREIGN KEY (`shop_id_shop`)
    REFERENCES `evm`.`shop` (`id_shop`)
    ON DELETE NO ACTION
    ON UPDATE NO ACTION)
ENGINE = InnoDB;


SET SQL_MODE=@OLD_SQL_MODE;
SET FOREIGN_KEY_CHECKS=@OLD_FOREIGN_KEY_CHECKS;
SET UNIQUE_CHECKS=@OLD_UNIQUE_CHECKS;


INSERT INTO `evm`.`shop` (`email`, `payment_for_delivery`) VALUES
('shop1@example.com', 'Yes'),
('shop2@example.com', 'Yes'),
('shop3@example.com', 'No'),
('shop4@example.com', 'Yes'),
('shop5@example.com', 'Yes'),
('shop6@example.com', 'Yes'),
('shop7@example.com', 'Yes'),
('shop8@example.com', 'Yes'),
('shop9@example.com', 'No'),
('shop10@example.com', 'Yes'),
('shop11@example.com', 'Yes'),
('shop12@example.com', 'Yes'),
('shop13@example.com', 'No'),
('shop14@example.com', 'Yes'),
('shop15@example.com', 'Yes');




INSERT INTO `evm`.`product` (`id_product`, `name`, `firm`, `model`, `tech_spec`, `price`, `warranty_period`, `image`) VALUES
(1, 'Laptop', 'Apple', 'MacBook Pro', '16GB RAM, 512GB SSD', '2000.00', '2 years', 'macbook_pro.jpg'),
(2, 'Phone', 'Samsung', 'Galaxy S21', '8GB RAM, 256GB', '800.00', '1 year', 'galaxy_s21.jpg'),
(3, 'TV', 'LG', 'OLED65C1', '4K UHD, OLED', '1500.00', '2 years', 'oled65c1.jpg'),
(4, 'Smartwatch', 'Apple', 'Watch Series 7', 'GPS, 44mm', '400.00', '1 year', 'apple_watch.jpg'),
(5, 'Tablet', 'Microsoft', 'Surface Pro 7', 'Intel i5, 8GB RAM', '1000.00', '1 year', 'surface_pro.jpg'),
(6, 'Camera', 'Canon', 'EOS R', '45MP, 8K Video', '3500.00', '3 years', 'eos_r5.jpg'),
(7, 'Headphones', 'Sony', 'WH-1000XM4', 'Noise Cancelling', '350.00', '1 year', 'sony_xm4.jpg'),
(8, 'Printer', 'HP', 'LaserJet Pro', 'Monochrome', '200.00', '2 years', 'laserjet_pro.jpg'),
(9, 'Router', 'Asus', 'RT-AX88U', 'Wi-Fi 6', '300.00', '3 years', 'asus_router.jpg'),
(10, 'Keyboard', 'Logitech', 'MX Keys', 'Wireless, Backlit', '100.00', '2 years', 'mx_keys.jpg'),
(11, 'Monitor', 'Dell', 'UltraSharp', '27-inch, 4K', '700.00', '3 years', 'ultrasharp.jpg'),
(12, 'Drone', 'DJI', 'Mavic Air 2', '4K Camera', '800.00', '2 years', 'mavic_air2.jpg'),
(13, 'Speakers', 'JBL', 'Flip 5', 'Portable Bluetooth', '150.00', '1 year', 'flip5.jpg'),
(14, 'External HDD', 'Seagate', 'Backup Plus', '5TB', '150.00', '1 year', 'backup_plus.jpg'),
(15, 'VR Headset', 'Oculus', 'Quest 2', '256GB', '400.00', '2 years', 'oculus_quest2.jpg');


INSERT INTO `evm`.`orders` (`id_order`, `order_date`, `shop_id_shop`, `product_id_product`, `order_time`, `quantity`, `client_name`, `client_phone`, `confirmation`) VALUES
(1, '2024-09-01', 1, 1, '10:00:00', '2', 'John Doe', '+1234567890', 'Confirmed'),
(2, '2024-09-02', 2, 2, '11:30:00', '1', 'Jane Smith', '+0987654321', 'Confirmed'),
(3, '2024-09-03', 3, 3, '09:45:00', '5', 'Bill Gates', '+9876543210', 'Confirmed'),
(4, '2024-09-04', 4, 4,  '13:20:00', '3', 'Elon Musk', '+8765432109', 'Confirmed'),
(5, '2024-09-05', 5, 5, '14:15:00', '1', 'Alice Wonderland', '+7654321098', 'Confirmed'),
(6, '2024-09-06', 6, 6, '12:45:00', '2', 'Bob Johnson', '+6543210987', 'Confirmed'),
(7, '2024-09-07', 7, 7, '08:30:00', '4', 'Charlie Brown', '+5432109876', 'Confirmed'),
(8, '2024-09-08', 8, 8, '15:00:00', '1', 'Dorothy Gale', '+4321098765', 'Confirmed'),
(9, '2024-09-09', 9, 9, '10:10:00', '6', 'Edward Scissorhands', '+3210987654', 'Confirmed'),
(10, '2024-09-10', 10, 10, '11:50:00', '2', 'Fred Flintstone', '+2109876543', 'Confirmed'),
(11, '2024-09-11', 11, 11, '13:25:00', '1', 'George Jetson', '+1098765432', 'Confirmed'),
(12, '2024-09-12', 12, 12, '16:40:00', '3', 'Harry Potter', '+0987654321', 'Confirmed'),
(13, '2024-09-13', 13, 13, '17:00:00', '4', 'Igor Frankenstein', '+9876543210', 'Confirmed'),
(14, '2024-09-14', 14, 14, '08:15:00', '2', 'Jack Sparrow', '+8765432109', 'Confirmed'),
(15, '2024-09-15', 15, 15, '18:30:00', '1', 'Kevin McCallister', '+7654321098', 'Confirmed');


INSERT INTO `evm`.`delivery` (`id_delivery`, `date`, `address`, `client_name`, `courier_name`, `order_id_order`) VALUES
(1, '2024-09-02', '123 Main St', 'John Doe', 'Courier 1', 1),
(2, '2024-09-03', '456 Elm St', 'Jane Smith', 'Courier 2', 2),
(3, '2024-09-04', '789 Oak St', 'Bill Gates', 'Courier 3', 3),
(4, '2024-09-05', '321 Pine St', 'Elon Musk', 'Courier 4', 4),
(5, '2024-09-06', '654 Maple St', 'Alice Wonderland', 'Courier 5', 5),
(6, '2024-09-07', '987 Cedar St', 'Bob Johnson', 'Courier 6', 6),
(7, '2024-09-08', '111 Birch St', 'Charlie Brown', 'Courier 7', 7),
(8, '2024-09-09', '222 Spruce St', 'Dorothy Gale', 'Courier 8', 8),
(9, '2024-09-10', '333 Ash St', 'Edward Scissorhands', 'Courier 9', 9),
(10, '2024-09-11', '444 Palm St', 'Fred Flintstone', 'Courier 10', 10),
(11, '2024-09-12', '555 Sycamore St', 'George Jetson', 'Courier 11', 11),
(12, '2024-09-13', '666 Redwood St', 'Harry Potter', 'Courier 12', 12),
(13, '2024-09-14', '777 Fir St', 'Igor Frankenstein', 'Courier 13', 13),
(14, '2024-09-15', '888 Willow St', 'Jack Sparrow', 'Courier 14', 14),
(15, '2024-09-16', '999 Oak St', 'Kevin McCallister', 'Courier 15', 15);


